{
  "basic": {
    "topic_number": 100,
    "original_user_number": 10,
    "max_user_following": 10,
    "acceptable_up_vote_number": 100,
    "friend_up_vote_read_threshold": 0.5,
    "acceptable_quality_threshold": 0.5,
    "acceptable_opinion_threshold": 0.33,
    "social_influence": false,
    "social_selection": false,
    "recommender_system": false
  },
  "influence": {
    "topic_number": 100,
    "original_user_number": 10,
    "max_user_following": 10,
    "acceptable_up_vote_number": 100,
    "friend_up_vote_read_threshold": 0.5,
    "acceptable_quality_threshold": 0.5,
    "acceptable_opinion_threshold": 0.33,
    "social_influence": true,
    "social_selection": false,
    "recommender_system": false
  },
  "selection": {
    "topic_number": 100,
    "original_user_number": 10,
    "max_user_following": 10,
    "acceptable_up_vote_number": 100,
    "friend_up_vote_read_threshold": 0.5,
    "acceptable_quality_threshold": 0.5,
    "acceptable_opinion_threshold": 0.33,
    "social_influence": false,
    "social_selection": true,
    "recommender_system": false
  },
  "algorithm": {
    "topic_number": 100,
    "original_user_number": 10,
    "max_user_following": 10,
    "acceptable_up_vote_number": 100,
    "friend_up_vote_read_threshold": 0.5,
    "acceptable_quality_threshold": 0.5,
    "acceptable_opinion_threshold": 0.33,
    "social_influence": false,
    "social_selection": false,
    "recommender_system": true
  },
  "influence_selection": {
    "topic_number": 100,
    "original_user_number": 10,
    "max_user_following": 10,
    "acceptable_up_vote_number": 100,
    "friend_up_vote_read_threshold": 0.5,
    "acceptable_quality_threshold": 0.5,
    "acceptable_opinion_threshold": 0.33,
    "social_influence": true,
    "social_selection": true,
    "recommender_system": false
  },
  "influence_selection_algorithm": {
    "topic_number": 100,
    "original_user_number": 10,
    "max_user_following": 10,
    "acceptable_up_vote_number": 100,
    "friend_up_vote_read_threshold": 0.5,
    "acceptable_quality_threshold": 0.5,
    "acceptable_opinion_threshold": 0.33,
    "social_influence": true,
    "social_selection": true,
    "recommender_system": true
  }
}